{
  "MOS_MIN": 3.91176470588,
  "MOS_MAX": 88.3888888889,
  "input_size": 224,
  "preprocess": "(x-127)/128"
}